,unit_price,unit_price,unit_price,unit_price,quantity_sold,quantity_sold,quantity_sold,total_revenue
,mean,std,min,max,sum,mean,std,sum
category,,,,,,,,
AN204,281.0,,281.0,281.0,1.0,1.0,,281.0
BL086,255.56,0.0,255.56,255.56,10.0,1.0,0.0,2430.0
BL093,255.56,0.0,255.56,255.56,10.0,1.0,0.0,2430.0
BL097,324.78,0.38,324.35,325.0,3.0,1.0,0.0,942.0
BL100,325.0,0.0,325.0,325.0,10.0,1.0,0.0,3090.0
BL103,389.35,,389.35,389.35,1.0,1.0,,389.0
BL104,421.85,0.0,421.85,421.85,2.0,1.0,0.0,844.0
BL110,512.5,0.0,512.5,512.5,10.0,1.0,0.0,4870.0
BL111,350.0,0.0,350.0,350.0,10.0,1.0,0.0,3320.0
BL113,437.5,0.0,437.5,437.5,10.0,1.0,0.0,4160.0
BTM002,333.93,33.77,315.0,425.0,39.0,1.34,0.72,12404.0
BTM003,315.0,0.0,315.0,315.0,2.0,1.0,0.0,630.0
BTM005,407.52,80.56,315.0,486.0,28.0,1.0,0.0,10983.0
BTM008,437.92,75.9,315.0,486.0,20.0,1.0,0.0,8513.0
BTM021,423.94,73.83,315.0,486.0,25.0,1.0,0.0,10171.0
BTM026,403.12,43.75,337.5,425.0,4.0,1.0,0.0,1613.0
BTM027,345.64,30.23,315.0,425.0,10.0,1.0,0.0,3239.0
BTM029,323.37,18.72,315.0,356.85,7.0,1.4,0.55,2191.0
BTM030,343.06,0.0,343.06,343.06,7.0,1.0,0.0,2184.0
BTM031,332.86,14.16,315.0,343.06,11.0,1.0,0.0,3444.0
BTM032,315.0,0.0,315.0,315.0,4.0,1.0,0.0,1260.0
BTM035,344.78,4.88,343.06,356.85,8.0,1.0,0.0,2541.0
BTM036,428.0,0.0,428.0,428.0,8.0,1.0,0.0,3424.0
BTM037,438.75,0.0,438.75,438.75,8.0,2.0,0.0,3512.0
BTM038,437.5,3.75,427.5,438.75,17.0,1.89,0.33,7452.0
BTM039,434.45,5.55,428.0,438.75,16.0,1.6,0.52,6980.0
BTM040,446.19,0.0,446.19,446.19,7.0,1.0,0.0,2842.0
BTM041,446.19,0.0,446.19,446.19,7.0,1.0,0.0,2842.0
BTM042,437.28,7.57,428.0,446.19,31.0,1.35,0.49,13290.0
BTM044,428.0,0.0,428.0,428.0,8.0,1.0,0.0,3424.0
BTM045,446.19,0.0,446.19,446.19,7.0,1.0,0.0,2842.0
BTM046,428.0,0.0,428.0,428.0,4.0,1.0,0.0,1712.0
BTM047,436.49,9.39,428.0,446.19,15.0,1.0,0.0,6266.0
BTM048,432.3,5.55,428.0,438.75,14.0,1.4,0.52,6080.0
CH202,291.85,,291.85,291.85,1.0,1.0,,292.0
CH205,291.85,,291.85,291.85,1.0,1.0,,292.0
CH207,291.85,,291.85,291.85,1.0,1.0,,292.0
CH208,291.85,,291.85,291.85,1.0,1.0,,292.0
CH209,291.85,,291.85,291.85,1.0,1.0,,292.0
CH213,291.85,,291.85,291.85,1.0,1.0,,292.0
Gown,3151.25,579.17,2795.0,4295.0,885.0,27.66,6.9,2714575.0
J0001,608.79,34.12,584.0,650.0,35.0,4.38,4.72,18764.0
J0002,1296.0,113.84,1080.0,1350.0,10.0,1.0,0.0,12960.0
J0003,738.0,0.0,738.0,738.0,7.0,1.0,0.0,5166.0
J0004,1315.75,57.17,1234.0,1366.0,16.0,1.0,0.0,21052.0
J0005,888.0,78.0,740.0,925.0,10.0,1.0,0.0,8880.0
J0006,926.73,4.57,925.0,938.0,15.0,1.0,0.0,13809.0
J0007,1275.0,0.0,1275.0,1275.0,2.0,1.0,0.0,2550.0
J0008,1284.33,7.23,1275.0,1289.0,8.0,1.33,0.52,10284.0
J0009,1045.69,98.98,900.0,1133.0,28.0,1.17,0.56,28885.0
J0010,1075.0,0.0,1075.0,1075.0,7.0,1.0,0.0,7525.0
J0011,1287.15,77.52,1113.0,1350.0,13.0,1.0,0.0,16733.0
J0012,1334.39,120.25,1110.0,1406.0,44.0,1.33,0.48,59371.93
J0013,1096.25,124.14,960.0,1210.0,16.0,1.0,0.0,17540.0
J0014,1312.5,0.0,1312.5,1312.5,10.0,1.0,0.0,13123.5
J0016,681.25,0.0,681.25,681.25,7.0,1.0,0.0,4340.0
J0022,500.0,0.0,500.0,500.0,7.0,1.0,0.0,3185.0
J0023,486.92,0.08,486.85,487.0,22.0,3.67,1.86,9860.0
J0024,488.21,64.16,381.0,537.5,18.0,1.0,0.0,8458.0
J0034,968.75,0.0,968.75,968.75,2.0,1.0,0.0,1840.0
J0035,619.0,0.0,619.0,619.0,28.0,5.6,2.07,15599.0
J0036,531.25,,531.25,531.25,1.0,1.0,,531.0
J0037,619.0,0.0,619.0,619.0,3.0,1.0,0.0,1857.0
J0041,826.19,107.05,652.5,884.0,8.0,1.0,0.0,6609.5
J0043,803.0,0.0,803.0,803.0,2.0,1.0,0.0,1606.0
J0073,393.75,0.0,393.75,393.75,3.0,1.0,0.0,1122.0
J0077,1625.0,0.0,1625.0,1625.0,8.0,1.0,0.0,13000.0
J0080,686.81,0.0,686.81,686.81,7.0,1.0,0.0,4375.0
J0081,879.27,27.37,831.0,893.06,9.0,1.0,0.0,7353.0
J0083,858.69,0.0,858.69,858.69,7.0,1.0,0.0,5467.0
J0084,841.71,23.56,812.0,858.69,22.0,2.0,2.0,16282.0
J0085,362.16,7.62,355.56,368.75,4.0,1.0,0.0,1450.0
J0086,656.75,56.54,618.75,737.5,35.0,1.4,0.65,23332.0
J0087,355.56,0.0,355.56,355.56,4.0,1.0,0.0,1424.0
J0089,355.56,0.0,355.56,355.56,2.0,1.0,0.0,712.0
J0090,707.25,23.06,693.75,741.0,9.0,1.29,0.49,6241.0
J0091,305.56,0.0,305.56,305.56,4.0,1.0,0.0,1224.0
J0092,1071.85,,1071.85,1071.85,1.0,1.0,,1072.0
J0093,749.19,18.6,719.0,765.94,15.0,1.0,0.0,10756.0
J0094,750.61,68.64,718.75,894.0,39.0,1.18,0.39,28011.0
J0095,1038.0,0.0,1038.0,1038.0,2.0,1.0,0.0,2076.0
J0096,557.1,39.96,441.18,619.0,12.0,1.0,0.0,6520.18
J0097,556.0,0.0,556.0,556.0,30.0,3.0,1.33,16680.0
J0098,522.67,49.1,431.25,549.31,12.0,1.2,0.63,5919.0
J0100,1156.0,0.0,1156.0,1156.0,2.0,1.0,0.0,2312.0
J0101,1039.58,28.87,1006.25,1056.25,3.0,1.0,0.0,3118.0
J0102,1344.0,0.0,1344.0,1344.0,2.0,1.0,0.0,2688.0
J0105,1125.0,0.0,1125.0,1125.0,4.0,1.0,0.0,4500.0
J0106,1085.4,88.55,927.0,1125.0,5.0,1.0,0.0,5427.0
J0108,1244.0,,1244.0,1244.0,1.0,1.0,,1244.0
J0109,1159.45,121.54,1071.85,1313.0,11.0,1.0,0.0,12754.0
J0110,1208.68,83.69,1169.35,1387.5,12.0,1.0,0.0,14325.0
J0113,504.0,4.62,500.0,508.0,4.0,1.0,0.0,2016.0
J0114,549.31,0.0,549.31,549.31,7.0,1.0,0.0,3500.0
J0115,544.6,14.31,519.0,551.0,5.0,1.0,0.0,2723.0
J0116,425.42,5.06,421.85,429.0,2.0,1.0,0.0,851.0
J0117,446.19,0.0,446.19,446.19,7.0,1.0,0.0,2842.0
J0118,408.55,24.8,387.5,446.19,34.0,1.0,0.0,13250.0
J0119,455.77,24.56,421.85,500.0,28.0,1.56,1.34,11599.0
J0120,387.74,0.75,387.5,390.0,21.0,1.0,0.0,7972.0
J0121,321.73,42.46,246.67,343.13,9.0,1.0,0.0,2678.0
J0122,399.28,19.54,388.0,421.85,3.0,1.0,0.0,1198.0
J0123,293.71,55.42,259.0,377.0,30.0,1.76,1.6,9215.0
J0126,1306.0,0.0,1306.0,1306.0,3.0,1.0,0.0,3918.0
J0127,1250.54,133.48,1104.35,1350.0,5.0,1.0,0.0,6252.0
J0129,1104.13,0.18,1104.0,1104.35,17.0,2.12,1.55,17844.0
J0130,985.1,23.14,974.0,1029.0,19.0,1.9,1.45,17803.0
J0131,478.25,44.62,418.75,508.0,11.0,1.22,0.44,5258.0
J0133,456.25,0.0,456.25,456.25,3.0,1.0,0.0,1299.0
J0134,847.9,13.48,843.13,881.25,8.0,1.0,0.0,6250.0
J0135,864.94,33.75,844.0,937.5,8.0,1.0,0.0,6920.0
J0136,508.0,0.0,508.0,508.0,8.0,1.0,0.0,4064.0
J0137,893.06,0.0,893.06,893.06,7.0,1.0,0.0,5691.0
J0138,689.62,38.35,649.0,781.0,30.0,2.14,2.51,18308.0
J0139,585.0,0.0,585.0,585.0,4.0,1.0,0.0,2340.0
J0140,994.0,,994.0,994.0,1.0,1.0,,994.0
J0142,561.88,0.0,561.88,561.88,6.0,1.0,0.0,3066.0
J0145,670.0,0.0,670.0,670.0,8.0,1.0,0.0,5200.0
J0147,994.36,58.85,903.0,1030.56,15.0,1.36,0.81,13902.0
J0148,927.44,0.0,927.44,927.44,7.0,1.0,0.0,5908.0
J0152,779.0,0.0,779.0,779.0,13.0,3.25,1.5,9114.0
J0153,585.0,0.0,585.0,585.0,6.0,1.0,0.0,3438.0
J0154,570.49,16.32,552.0,583.69,28.0,2.33,2.39,14150.0
J0157,562.5,0.0,562.5,562.5,3.0,1.0,0.0,1602.0
J0158,687.06,0.35,686.81,687.5,11.0,1.0,0.0,7022.0
J0159,718.75,0.0,718.75,718.75,2.0,1.0,0.0,1438.0
J0161,650.0,0.0,650.0,650.0,18.0,2.25,0.46,11700.0
J0165,454.35,,454.35,454.35,1.0,1.0,,454.0
J0166,790.0,0.0,790.0,790.0,27.0,4.5,2.95,19197.0
J0172,413.33,16.75,390.0,425.0,35.0,1.06,0.24,14160.0
J0176,474.01,26.89,436.88,500.0,37.0,1.37,0.63,17376.0
J0178,346.64,11.7,306.25,357.0,40.0,1.33,0.8,13240.0
J0183,481.0,0.0,481.0,481.0,3.0,1.0,0.0,1443.0
J0184,562.5,0.0,562.5,562.5,2.0,1.0,0.0,1124.0
J0185,1104.0,0.0,1104.0,1104.0,11.0,2.75,1.5,10687.0
J0186,1374.31,0.0,1374.31,1374.31,7.0,1.0,0.0,8757.0
J0187,961.81,0.0,961.81,961.81,7.0,1.0,0.0,6125.0
J0189,436.88,0.0,436.88,436.88,7.0,1.0,0.0,2786.0
J0196,484.12,60.93,423.75,585.0,24.0,2.67,2.5,11493.0
J0197,576.99,10.61,562.5,585.0,49.0,3.27,2.76,26236.0
J0198,569.42,10.81,562.5,585.0,13.0,1.0,0.0,7398.5
J0201,572.61,11.37,562.5,585.0,22.0,1.69,1.44,12249.5
J0202,665.95,42.52,593.75,703.0,38.0,1.73,1.55,23398.0
J0203,597.66,21.88,581.25,625.0,16.0,1.0,0.0,9270.0
J0204,737.5,0.0,737.5,737.5,6.0,3.0,0.0,4425.0
J0205,507.96,0.14,507.5,508.0,12.0,1.0,0.0,5946.0
J0207,794.81,50.49,710.0,887.5,14.0,1.75,1.16,10353.5
J0208,747.0,0.0,747.0,747.0,17.0,4.25,2.06,11430.0
J0209,695.25,10.96,687.5,703.0,2.0,1.0,0.0,1391.0
J0210,857.5,26.91,825.0,877.0,8.0,1.0,0.0,6860.0
J0211,807.68,17.85,779.0,820.0,19.0,1.0,0.0,15095.0
J0212,762.22,16.2,747.0,781.25,10.0,1.0,0.0,7622.0
J0213,558.32,24.69,537.5,584.35,24.0,2.67,2.5,13054.5
J0214,684.65,14.81,649.0,703.0,16.0,1.0,0.0,10680.0
J0216,562.5,0.0,562.5,562.5,5.0,1.0,0.0,2812.5
J0224,1862.5,0.0,1862.5,1862.5,7.0,1.0,0.0,13037.5
J0225,1738.0,0.0,1738.0,1738.0,2.0,1.0,0.0,3476.0
J0226,1862.5,0.0,1862.5,1862.5,3.0,1.0,0.0,5586.0
J0228,2087.5,0.0,2087.5,2087.5,10.0,1.0,0.0,20876.5
J0230,1438.33,10.33,1425.0,1445.0,10.0,1.67,0.52,14410.0
J0233,1429.35,,1429.35,1429.35,1.0,1.0,,1429.0
J0234,1201.85,,1201.85,1201.85,1.0,1.0,,1202.0
J0236,1254.84,60.94,1181.25,1299.0,8.0,1.0,0.0,10038.0
J0237,1592.34,65.33,1494.35,1625.0,4.0,1.0,0.0,6126.0
J0238,1867.96,116.77,1520.0,1937.5,12.0,1.0,0.0,22417.0
J0239,1344.88,54.5,1210.0,1364.35,26.0,3.25,1.58,31972.0
J0240,1624.0,189.5,1490.0,1758.0,2.0,1.0,0.0,3248.0
J0241,1260.75,58.69,1240.0,1406.0,8.0,1.0,0.0,10086.0
J0242,1293.36,130.69,1020.0,1366.0,25.0,1.0,0.0,31926.0
J0243,1169.6,215.59,927.0,1475.0,18.0,1.8,1.23,18512.0
J0244,1234.0,0.0,1234.0,1234.0,11.0,3.67,1.53,11946.0
J0245,1205.14,71.58,1169.35,1312.5,13.0,3.25,1.5,14362.5
J0246,1320.13,10.7,1305.56,1328.0,26.0,1.18,0.39,33532.5
J0247,1162.5,0.0,1162.5,1162.5,6.0,1.0,0.0,6798.0
J0248,1125.0,0.0,1125.0,1125.0,3.0,1.0,0.0,3375.0
J0249,876.11,91.5,830.0,1037.5,9.0,1.0,0.0,7886.0
J0250,1037.5,0.0,1037.5,1037.5,3.0,1.0,0.0,3114.0
J0251,1037.5,0.0,1037.5,1037.5,3.0,1.0,0.0,3114.0
J0252,987.41,90.37,830.0,1037.5,29.0,1.0,0.0,28489.0
J0254,1075.0,0.0,1075.0,1075.0,13.0,1.0,0.0,13651.0
J0277,1774.54,25.67,1757.5,1812.5,29.0,1.26,0.45,51363.5
J0278,991.07,34.3,968.75,1051.11,9.0,1.0,0.0,8774.0
J0279,1076.16,106.9,990.0,1237.5,20.0,1.25,0.58,20700.0
J0280,1795.0,0.0,1795.0,1795.0,10.0,1.0,0.0,17950.0
J0281,1607.22,102.8,1494.35,1695.0,16.0,1.0,0.0,25713.0
J0282,1223.86,30.34,1162.5,1237.5,11.0,1.0,0.0,13467.0
J0283,992.92,40.68,960.0,1039.0,26.0,2.17,1.8,24093.0
J0284,1758.0,,1758.0,1758.0,1.0,1.0,,1758.0
J0285,1673.59,113.42,1494.35,1775.0,32.0,1.23,0.43,53825.0
J0291,803.5,93.0,664.0,850.0,10.0,2.5,1.0,8314.0
J0292,459.59,25.7,393.75,469.0,16.0,1.0,0.0,7314.0
J0294,469.0,0.0,469.0,469.0,6.0,1.0,0.0,2730.0
J0295,799.69,56.56,741.0,850.0,13.0,1.0,0.0,10270.0
J0296,703.0,0.0,703.0,703.0,2.0,1.0,0.0,1406.0
J0297,429.0,0.0,429.0,429.0,14.0,1.0,0.0,6006.0
J0300,243.75,0.0,243.75,243.75,8.0,1.0,0.0,1904.0
J0301,387.5,0.0,387.5,387.5,5.0,1.0,0.0,1840.0
J0302,664.0,0.0,664.0,664.0,9.0,1.29,0.49,5856.0
J0304,359.0,0.0,359.0,359.0,11.0,1.0,0.0,3839.0
J0305,703.0,0.0,703.0,703.0,2.0,1.0,0.0,1406.0
J0307,419.17,14.29,390.0,425.0,6.0,1.0,0.0,2410.0
J0308,612.5,,612.5,612.5,1.0,1.0,,612.5
J0328,1037.5,0.0,1037.5,1037.5,8.0,2.67,0.58,8300.0
J0335,680.0,,680.0,680.0,1.0,1.0,,680.0
J0336,552.44,42.49,430.0,612.5,18.0,1.0,0.0,9737.0
J0337,425.0,0.0,425.0,425.0,3.0,1.0,0.0,1212.0
J0339,775.0,0.0,775.0,775.0,7.0,1.0,0.0,5425.0
J0341,775.0,0.0,775.0,775.0,4.0,1.0,0.0,3100.0
J0342,505.33,4.13,500.0,508.0,10.0,1.67,0.52,4944.0
J0343,620.0,,620.0,620.0,1.0,1.0,,620.0
J0344,425.0,0.0,425.0,425.0,3.0,1.0,0.0,1212.0
J0345,775.0,0.0,775.0,775.0,4.0,2.0,0.0,3100.0
J0346,781.25,,781.25,781.25,1.0,1.0,,781.0
J0347,813.0,0.0,813.0,813.0,2.0,1.0,0.0,1626.0
J0349,888.0,0.0,888.0,888.0,4.0,2.0,0.0,3552.0
J0352,650.0,0.0,650.0,650.0,8.0,1.0,0.0,5200.0
J0353,633.5,17.39,617.0,650.0,10.0,1.0,0.0,6335.0
J0354,562.5,0.0,562.5,562.5,5.0,1.0,0.0,2812.5
J0355,650.0,0.0,650.0,650.0,5.0,1.0,0.0,3250.0
J0369,1165.0,125.57,1020.0,1237.5,3.0,1.0,0.0,3496.0
J0371,1102.5,129.25,990.0,1237.5,11.0,1.0,0.0,12130.0
J0372,1237.5,0.0,1237.5,1237.5,2.0,1.0,0.0,2475.0
J0373,812.5,0.0,812.5,812.5,3.0,1.0,0.0,2316.0
J0381,1169.1,,1169.1,1169.1,1.0,1.0,,1169.1
J0382,1550.0,0.0,1550.0,1550.0,3.0,1.0,0.0,4416.0
J0390,562.5,0.0,562.5,562.5,4.0,1.0,0.0,2250.0
J0391,650.0,0.0,650.0,650.0,4.0,1.0,0.0,2600.0
J0395,831.11,56.67,680.0,850.0,9.0,1.0,0.0,7480.0
J0396,850.0,0.0,850.0,850.0,9.0,1.0,0.0,7650.0
J0397,1075.0,0.0,1075.0,1075.0,6.0,1.0,0.0,6450.0
J0398,887.5,0.0,887.5,887.5,12.0,1.09,0.3,10651.5
J0399,762.08,44.74,620.0,775.0,12.0,1.0,0.0,9145.0
J0400,807.5,85.0,680.0,850.0,4.0,1.0,0.0,3230.0
J0401,843.12,88.75,710.0,887.5,4.0,1.0,0.0,3374.0
J0402,771.88,81.25,650.0,812.5,10.0,2.5,1.0,7962.5
J0413,887.5,,887.5,887.5,1.0,1.0,,887.5
J0414,887.5,0.0,887.5,887.5,14.0,1.75,1.04,12425.0
J0416,812.5,0.0,812.5,812.5,2.0,1.0,0.0,1625.0
J0419,775.0,,775.0,775.0,1.0,1.0,,775.0
JAN8612,1799.0,,1799.0,1799.0,5.0,5.0,,8995.0
JAN8618,974.0,,974.0,974.0,5.0,5.0,,4870.0
JAN8622,1949.0,,1949.0,1949.0,5.0,5.0,,9745.0
JAN8623,1124.0,0.0,1124.0,1124.0,5.0,1.0,0.0,5620.0
JAN8641,1124.0,0.0,1124.0,1124.0,10.0,5.0,0.0,11240.0
JAN8660,1724.0,,1724.0,1724.0,5.0,5.0,,8620.0
JAN8661,1424.0,,1424.0,1424.0,5.0,5.0,,7120.0
JAN8685,1499.0,,1499.0,1499.0,5.0,5.0,,7495.0
JNE09187,886.25,,886.25,886.25,1.0,1.0,,886.0
JNE1408,503.75,0.0,503.75,503.75,10.0,1.0,0.0,4890.0
JNE1525,421.85,,421.85,421.85,1.0,1.0,,422.0
JNE1951,528.0,0.0,528.0,528.0,6.0,1.5,0.58,3072.0
JNE1977,404.92,5.94,396.75,409.0,18.0,1.0,0.0,7074.0
JNE1978,396.75,0.0,396.75,396.75,7.0,1.0,0.0,2527.0
JNE1998,431.56,16.01,409.69,442.5,15.0,1.0,0.0,6285.0
JNE2009,432.93,15.71,409.0,442.5,18.0,1.29,0.47,7592.0
JNE2014,449.63,15.85,431.25,462.5,17.0,1.0,0.0,7234.0
JNE2032,486.38,17.83,469.0,503.75,30.0,1.5,0.51,13990.0
JNE2049,486.85,,486.85,486.85,1.0,1.0,,487.0
JNE2100,471.56,11.92,454.0,510.0,55.0,1.53,0.77,24802.0
JNE2101,306.25,0.0,306.25,306.25,12.0,1.0,0.0,3492.0
JNE2132,700.0,0.0,700.0,700.0,2.0,1.0,0.0,1330.0
JNE2170,572.84,36.18,551.85,656.0,28.0,1.4,1.23,15320.0
JNE2171,619.0,,619.0,619.0,1.0,1.0,,619.0
JNE2205,528.0,0.0,528.0,528.0,2.0,1.0,0.0,1056.0
JNE2251,588.0,0.0,588.0,588.0,2.0,1.0,0.0,1176.0
JNE2265,528.0,0.0,528.0,528.0,6.0,1.0,0.0,3072.0
JNE2266,557.5,0.0,557.5,557.5,8.0,1.0,0.0,4328.0
JNE2270,662.76,48.91,551.85,681.25,7.0,1.0,0.0,4272.0
JNE2305,479.57,32.27,421.85,494.0,5.0,1.0,0.0,2398.0
JNE2307,444.38,0.0,444.38,444.38,5.0,1.0,0.0,2020.0
JNE3030,719.26,54.74,588.24,769.0,8.0,1.0,0.0,5754.24
JNE3042,409.69,0.0,409.69,409.69,6.0,1.0,0.0,2238.0
JNE3065,556.0,0.0,556.0,556.0,4.0,1.0,0.0,2224.0
JNE3160,752.5,89.0,687.5,850.0,5.0,1.0,0.0,3659.0
JNE3225,486.9,0.09,486.85,487.0,18.0,6.0,0.0,8151.0
JNE3252,475.0,0.0,475.0,475.0,3.0,1.0,0.0,1353.0
JNE3256,582.21,29.19,556.25,612.5,13.0,1.0,0.0,7214.0
JNE3261,510.0,0.0,510.0,510.0,2.0,1.0,0.0,1020.0
JNE3273,638.75,13.6,623.0,650.0,24.0,1.0,0.0,14692.0
JNE3288,669.88,31.63,584.0,681.25,41.0,1.58,1.63,25013.0
JNE3311,937.5,0.0,937.5,937.5,10.0,1.0,0.0,8910.0
JNE3313,748.13,0.0,748.13,748.13,7.0,1.0,0.0,4767.0
JNE3364,446.88,25.2,425.0,475.0,32.0,1.0,0.0,13964.0
JNE3365,442.13,24.27,421.85,475.0,29.0,1.0,0.0,12582.0
JNE3366,424.25,1.33,422.0,425.0,46.0,1.92,1.95,18284.0
JNE3368,650.0,0.0,650.0,650.0,6.0,1.0,0.0,3900.0
JNE3371,381.0,0.0,381.0,381.0,2.0,1.0,0.0,762.0
JNE3383,619.0,0.0,619.0,619.0,6.0,1.0,0.0,3714.0
JNE3384,380.6,60.47,337.5,462.5,29.0,1.0,0.0,10912.0
JNE3386,431.25,0.0,431.25,431.25,7.0,1.0,0.0,2744.0
JNE3396,563.31,14.0,556.25,588.0,9.0,1.0,0.0,4718.0
JNE3400,538.0,0.0,538.0,538.0,6.0,1.0,0.0,3132.0
JNE3405,392.26,36.81,350.0,431.25,51.0,1.42,1.4,18980.0
JNE3420,416.2,20.78,390.0,431.25,11.0,1.0,0.0,4382.0
JNE3421,407.98,14.44,368.0,421.85,10.0,1.0,0.0,3982.0
JNE3422,368.13,0.0,368.13,368.13,5.0,1.0,0.0,1675.0
JNE3423,387.5,0.0,387.5,387.5,5.0,1.0,0.0,1765.0
JNE3425,556.0,,556.0,556.0,1.0,1.0,,556.0
JNE3429,550.5,14.43,538.0,563.0,4.0,1.0,0.0,2202.0
JNE3432,497.17,7.4,494.0,513.0,22.0,1.83,0.39,10606.0
JNE3434,429.29,2.81,425.0,431.0,14.0,1.0,0.0,5880.0
JNE3435,422.5,12.78,390.0,431.0,32.0,1.0,0.0,13390.0
JNE3437,619.0,0.0,619.0,619.0,2.0,1.0,0.0,1238.0
JNE3439,390.41,5.1,387.5,409.0,16.0,1.0,0.0,5954.0
JNE3440,386.15,5.63,368.13,390.0,75.0,1.29,1.12,27528.0
JNE3441,425.0,0.0,425.0,425.0,9.0,1.0,0.0,3825.0
JNE3443,431.18,0.12,431.0,431.25,7.0,1.0,0.0,2822.0
JNE3445,425.0,0.0,425.0,425.0,22.0,1.0,0.0,9220.0
JNE3446,387.5,0.0,387.5,387.5,5.0,1.0,0.0,1765.0
JNE3447,425.0,0.0,425.0,425.0,8.0,1.0,0.0,3400.0
JNE3454,556.25,0.0,556.25,556.25,7.0,1.0,0.0,3542.0
JNE3455,356.89,0.0,356.89,356.89,7.0,1.0,0.0,2275.0
JNE3467,519.35,,519.35,519.35,1.0,1.0,,519.0
JNE3474,514.6,37.79,487.0,556.0,20.0,4.0,2.74,9263.0
JNE3479,312.87,39.58,293.75,389.35,30.0,2.0,2.07,9867.0
JNE3480,339.67,95.54,293.75,538.0,15.0,1.0,0.0,4918.0
JNE3488,425.0,0.0,425.0,425.0,10.0,1.0,0.0,4120.0
JNE3489,401.2,24.09,310.0,431.25,63.0,1.19,0.39,24654.0
JNE3497,314.34,61.74,291.0,454.35,7.0,1.0,0.0,2146.0
JNE3500,650.0,0.0,650.0,650.0,13.0,1.0,0.0,8250.0
JNE3501,519.0,0.0,519.0,519.0,25.0,4.17,1.33,11677.0
JNE3504,556.0,0.0,556.0,556.0,6.0,1.5,0.58,3270.0
JNE3506,787.77,0.26,787.5,788.0,15.0,1.0,0.0,11275.0
JNE3510,625.0,0.0,625.0,625.0,4.0,1.0,0.0,2500.0
JNE3516,619.0,,619.0,619.0,1.0,1.0,,619.0
JNE3518,500.0,0.0,500.0,500.0,2.0,1.0,0.0,1000.0
JNE3522,454.0,0.0,454.0,454.0,21.0,3.5,2.26,8582.0
JNE3523,510.0,0.0,510.0,510.0,12.0,1.0,0.0,5808.0
JNE3528,425.0,0.0,425.0,425.0,12.0,1.0,0.0,5100.0
JNE3535,425.03,12.19,389.35,431.0,15.0,1.36,0.5,6295.0
JNE3541,430.0,0.0,430.0,430.0,4.0,1.0,0.0,1720.0
JNE3545,356.25,0.0,356.25,356.25,3.0,1.0,0.0,1068.0
JNE3546,426.97,4.9,425.0,450.0,35.0,1.13,0.34,14456.0
JNE3547,456.94,14.77,400.0,462.5,36.0,1.0,0.0,16106.0
JNE3548,458.58,10.93,400.0,463.0,38.0,1.0,0.0,17282.0
JNE3549,409.0,0.0,409.0,409.0,4.0,1.0,0.0,1588.0
JNE3553,450.0,,450.0,450.0,1.0,1.0,,450.0
JNE3554,464.44,11.05,450.0,487.0,64.0,2.06,2.76,28270.0
JNE3555,462.45,9.46,450.0,487.0,74.0,1.42,0.87,33147.0
JNE3556,459.38,5.5,450.0,462.5,36.0,1.12,0.34,16242.0
JNE3557,459.69,5.53,450.0,463.0,13.0,1.0,0.0,5868.0
JNE3560,450.0,0.0,450.0,450.0,26.0,1.44,0.98,11540.0
JNE3561,450.0,0.0,450.0,450.0,6.0,1.0,0.0,2616.0
JNE3562,669.42,34.95,593.75,687.5,18.0,1.0,0.0,11378.0
JNE3563,647.63,53.07,569.0,687.5,13.0,1.0,0.0,8334.0
JNE3564,425.4,1.52,425.0,431.0,30.0,1.0,0.0,12762.0
JNE3565,458.93,5.86,450.0,462.5,14.0,1.0,0.0,6290.0
JNE3566,462.5,0.0,462.5,462.5,3.0,1.0,0.0,1386.0
JNE3567,414.9,26.79,362.5,431.0,30.0,1.0,0.0,12314.0
JNE3568,427.0,2.95,425.0,431.0,12.0,1.0,0.0,5124.0
JNE3574,413.3,18.99,387.5,431.0,15.0,1.0,0.0,6027.0
JNE3575,431.25,0.0,431.25,431.25,5.0,1.0,0.0,1960.0
JNE3576,428.86,12.06,404.0,462.5,48.0,1.45,1.46,19989.5
JNE3577,682.17,2.49,681.0,687.5,12.0,1.0,0.0,7942.0
JNE3578,681.17,0.13,681.0,681.25,6.0,1.0,0.0,3842.0
JNE3580,619.0,,619.0,619.0,1.0,1.0,,619.0
JNE3581,618.9,0.13,618.75,619.0,12.0,1.0,0.0,7428.0
JNE3605,447.92,16.14,431.25,462.5,15.0,1.0,0.0,6256.0
JNE3606,431.25,0.0,431.25,431.25,7.0,1.0,0.0,2744.0
JNE3607,619.0,0.0,619.0,619.0,12.0,2.0,0.0,7206.0
JNE3609,652.49,57.06,551.85,681.25,17.0,1.89,1.83,9472.0
JNE3610,538.0,0.0,538.0,538.0,8.0,1.0,0.0,4304.0
JNE3611,562.5,0.0,562.5,562.5,24.0,1.0,0.0,13208.0
JNE3612,588.0,0.0,588.0,588.0,6.0,1.0,0.0,3420.0
JNE3613,538.0,0.0,538.0,538.0,6.0,1.0,0.0,3228.0
JNE3614,538.0,,538.0,538.0,1.0,1.0,,538.0
JNE3615,484.73,35.3,454.35,538.0,15.0,1.15,0.38,7310.0
JNE3616,490.59,81.6,356.25,538.0,25.0,1.09,0.29,12026.0
JNE3617,556.0,0.0,556.0,556.0,24.0,1.33,0.49,13146.0
JNE3619,501.81,20.76,486.85,528.0,11.0,1.0,0.0,5521.0
JNE3620,555.5,11.49,538.0,562.5,18.0,1.29,0.47,9636.0
JNE3621,679.22,24.83,613.0,687.5,9.0,1.0,0.0,5949.0
JNE3622,450.44,23.15,417.5,513.0,36.0,1.0,0.0,15527.0
JNE3625,623.0,,623.0,623.0,1.0,1.0,,623.0
JNE3627,438.1,15.94,393.75,450.0,29.0,1.26,0.45,12420.0
JNE3628,455.36,6.68,450.0,462.5,7.0,1.0,0.0,3186.0
JNE3630,462.5,0.0,462.5,462.5,4.0,1.0,0.0,1848.0
JNE3633,538.0,0.0,538.0,538.0,4.0,2.0,0.0,2088.0
JNE3634,661.73,16.69,650.0,687.5,15.0,1.0,0.0,9928.0
JNE3635,588.0,0.0,588.0,588.0,2.0,1.0,0.0,1176.0
JNE3636,513.33,57.61,390.0,538.0,22.0,1.83,0.39,11220.0
JNE3637,684.4,3.33,681.0,687.5,21.0,1.0,0.0,14098.0
JNE3639,429.8,2.48,425.0,431.0,15.0,1.0,0.0,6384.0
JNE3640,432.77,10.78,425.0,454.35,52.0,1.41,1.21,21659.0
JNE3641,427.4,3.1,425.0,431.0,10.0,1.0,0.0,4274.0
JNE3642,385.05,44.6,306.25,422.0,18.0,1.8,1.23,6722.0
JNE3643,356.85,0.0,356.85,356.85,2.0,1.0,0.0,714.0
JNE3644,374.15,29.2,318.75,388.0,12.0,1.2,0.42,4486.0
JNE3645,345.58,19.84,280.0,356.25,13.0,1.0,0.0,4456.0
JNE3647,421.85,,421.85,421.85,1.0,1.0,,422.0
JNE3648,423.64,20.63,323.53,431.0,42.0,1.62,0.75,17610.53
JNE3649,486.97,0.07,486.85,487.0,19.0,3.8,2.28,8377.0
JNE3651,430.06,4.92,425.0,454.35,49.0,1.32,0.75,20404.0
JNE3652,421.85,,421.85,421.85,1.0,1.0,,422.0
JNE3653,454.35,,454.35,454.35,1.0,1.0,,454.0
JNE3654,513.0,0.0,513.0,513.0,6.0,1.5,0.58,2986.0
JNE3656,430.0,5.06,425.0,454.35,41.0,1.17,0.38,17098.0
JNE3657,379.15,29.33,331.25,421.85,9.0,1.0,0.0,3380.0
JNE3658,389.05,46.39,356.25,421.85,2.0,1.0,0.0,778.0
JNE3659,353.03,10.91,350.0,389.35,13.0,1.0,0.0,4509.0
JNE3660,382.65,17.64,368.0,421.85,15.0,1.67,0.87,5504.0
JNE3661,354.31,41.41,293.75,387.5,4.0,1.0,0.0,1418.0
JNE3662,482.81,31.83,431.25,500.0,8.0,1.0,0.0,3820.0
JNE3663,431.08,0.14,431.0,431.25,5.0,1.67,0.58,2155.0
JNE3664,533.89,3.24,531.0,537.5,23.0,1.0,0.0,11725.0
JNE3665,393.32,26.67,310.0,422.0,31.0,1.82,1.67,11795.0
JNE3666,431.02,0.07,431.0,431.25,12.0,1.0,0.0,5042.0
JNE3667,405.96,47.01,331.25,454.35,19.0,1.27,0.46,7734.0
JNE3668,421.04,11.61,403.75,431.0,42.0,1.24,0.65,17368.0
JNE3669,521.15,54.34,450.0,563.0,56.0,1.17,0.38,28835.0
JNE3670,518.8,37.5,443.75,537.5,21.0,1.91,0.7,11081.0
JNE3671,500.69,2.95,500.0,512.5,18.0,1.0,0.0,8862.0
JNE3672,496.39,22.67,450.0,513.0,50.0,1.09,0.28,24432.0
JNE3673,533.58,8.86,512.5,537.5,11.0,1.0,0.0,5871.0
JNE3674,494.69,22.12,450.0,513.0,39.0,1.0,0.0,19013.0
JNE3676,418.81,51.25,333.75,463.0,33.0,1.83,1.92,13738.0
JNE3678,413.91,19.91,387.5,431.0,23.0,1.0,0.0,9195.0
JNE3679,452.27,3.15,450.0,456.25,11.0,1.0,0.0,4648.0
JNE3680,450.43,17.41,412.0,462.5,11.0,1.57,0.79,4559.0
JNE3683,414.64,31.31,344.0,431.25,31.0,1.0,0.0,12506.0
JNE3684,379.65,22.92,318.75,388.0,23.0,1.35,0.49,8403.0
JNE3686,454.44,8.08,450.0,487.0,21.0,1.0,0.0,9334.0
JNE3687,458.0,6.12,450.0,462.5,25.0,1.0,0.0,11396.0
JNE3688,518.36,22.45,450.0,537.5,32.0,1.0,0.0,16378.0
JNE3690,425.0,0.0,425.0,425.0,2.0,1.0,0.0,808.0
JNE3691,562.54,0.14,562.5,563.0,24.0,1.0,0.0,13330.0
JNE3695,431.0,0.0,431.0,431.0,16.0,2.0,1.07,6740.0
JNE3697,444.5,16.84,431.0,462.5,7.0,1.0,0.0,3110.0
JNE3701,454.62,13.86,431.0,462.5,36.0,1.12,0.49,15604.0
JNE3703,498.75,8.8,494.0,513.0,14.0,1.75,0.46,6774.0
JNE3704,556.25,,556.25,556.25,1.0,1.0,,556.0
JNE3706,656.0,,656.0,656.0,1.0,1.0,,656.0
JNE3708,656.0,0.0,656.0,656.0,5.0,1.0,0.0,3280.0
JNE3709,912.5,0.0,912.5,912.5,3.0,1.0,0.0,2736.0
JNE3712,431.86,6.58,425.0,454.35,19.0,1.27,0.46,7820.0
JNE3713,403.11,25.1,356.25,431.0,28.0,1.56,0.86,11263.0
JNE3716,452.63,16.53,431.0,475.0,23.0,1.0,0.0,10101.0
JNE3717,344.3,90.48,305.56,538.0,12.0,1.0,0.0,4036.0
JNE3718,508.09,15.8,494.0,525.0,22.0,1.0,0.0,11022.0
JNE3721,538.0,0.0,538.0,538.0,12.0,2.0,0.0,6264.0
JNE3722,425.0,50.0,362.5,462.5,16.0,1.0,0.0,6554.0
JNE3725,513.0,0.0,513.0,513.0,3.0,1.0,0.0,1539.0
JNE3727,737.5,0.0,737.5,737.5,3.0,1.0,0.0,2103.0
JNE3728,513.0,0.0,513.0,513.0,8.0,1.0,0.0,4014.0
JNE3730,563.0,0.0,563.0,563.0,2.0,1.0,0.0,1126.0
JNE3736,537.5,0.0,537.5,537.5,12.0,1.0,0.0,6132.0
JNE3738,563.0,0.0,563.0,563.0,2.0,1.0,0.0,1126.0
JNE3739,562.5,0.0,562.5,562.5,6.0,1.0,0.0,3204.0
JNE3741,500.29,15.98,494.0,538.0,18.0,1.29,0.47,8980.0
JNE3744,564.62,10.2,562.5,612.5,24.0,1.0,0.0,13380.5
JNE3749,738.0,0.0,738.0,738.0,2.0,1.0,0.0,1476.0
JNE3750,500.0,0.0,500.0,500.0,4.0,1.0,0.0,2000.0
JNE3756,587.5,0.0,587.5,587.5,3.0,1.0,0.0,1674.0
JNE3758,494.0,0.0,494.0,494.0,10.0,1.0,0.0,4790.0
JNE3759,500.0,0.0,500.0,500.0,3.0,1.0,0.0,1500.0
JNE3762,570.55,16.31,556.0,588.0,28.0,1.27,0.46,15690.0
JNE3763,537.5,0.0,537.5,537.5,2.0,1.0,0.0,1076.0
JNE3764,450.0,57.74,400.0,500.0,4.0,1.0,0.0,1800.0
JNE3766,650.0,0.0,650.0,650.0,2.0,1.0,0.0,1300.0
JNE3768,612.5,0.0,612.5,612.5,2.0,1.0,0.0,1224.0
JNE3769,545.45,15.08,500.0,550.0,11.0,1.0,0.0,6000.0
JNE3771,525.0,0.0,525.0,525.0,14.0,1.0,0.0,7350.0
JNE3773,373.75,92.43,306.25,475.0,5.0,1.0,0.0,1823.0
JNE3774,612.5,0.0,612.5,612.5,14.0,1.0,0.0,8388.0
JNE3775,526.86,4.72,525.0,538.0,14.0,1.0,0.0,7064.0
JNE3777,475.0,0.0,475.0,475.0,2.0,1.0,0.0,950.0
JNE3778,575.5,14.43,563.0,588.0,4.0,1.0,0.0,2302.0
JNE3780,562.5,0.0,562.5,562.5,3.0,1.0,0.0,1602.0
JNE3782,511.11,22.05,500.0,550.0,9.0,1.0,0.0,4600.0
JNE3783,529.55,45.51,500.0,612.5,11.0,1.0,0.0,5824.0
JNE3784,500.0,0.0,500.0,500.0,7.0,1.0,0.0,3500.0
JNE3785,431.25,0.0,431.25,431.25,2.0,1.0,0.0,862.0
JNE3788,588.0,0.0,588.0,588.0,2.0,1.0,0.0,1176.0
JNE3790,562.5,0.0,562.5,562.5,40.0,1.0,0.0,21480.0
JNE3791,650.0,0.0,650.0,650.0,2.0,1.0,0.0,1300.0
JNE3793,587.5,0.0,587.5,587.5,24.0,1.0,0.0,13392.0
JNE3794,650.0,0.0,650.0,650.0,2.0,1.0,0.0,1300.0
JNE3795,650.0,0.0,650.0,650.0,2.0,1.0,0.0,1300.0
JNE3797,975.0,0.0,975.0,975.0,3.0,1.0,0.0,2925.0
JNE3798,938.89,71.66,812.5,975.0,9.0,1.0,0.0,8303.0
JNE3800,975.0,0.0,975.0,975.0,4.0,1.0,0.0,3900.0
JNE3802,425.0,0.0,425.0,425.0,2.0,1.0,0.0,850.0
JNE3804,425.0,0.0,425.0,425.0,2.0,1.0,0.0,850.0
JNE3805,425.0,0.0,425.0,425.0,2.0,1.0,0.0,850.0
JNE3813,650.0,0.0,650.0,650.0,5.0,1.0,0.0,3250.0
JNE3816,550.0,0.0,550.0,550.0,2.0,1.0,0.0,1100.0
JNE3819,650.0,0.0,650.0,650.0,2.0,1.0,0.0,1300.0
JNE3820,650.0,0.0,650.0,650.0,2.0,1.0,0.0,1300.0
JNE3821,650.0,0.0,650.0,650.0,2.0,1.0,0.0,1300.0
JNE3822,569.0,50.81,525.0,613.0,4.0,1.0,0.0,2276.0
JNE3823,688.0,0.0,688.0,688.0,4.0,1.0,0.0,2752.0
JNE3825,650.0,0.0,650.0,650.0,2.0,1.0,0.0,1300.0
JNE3826,299.0,0.0,299.0,299.0,10.0,5.0,0.0,2990.0
JNE3827,299.0,0.0,299.0,299.0,20.0,5.0,0.0,5980.0
JNE3828,299.0,0.0,299.0,299.0,20.0,5.0,0.0,5980.0
JNE3830,299.0,0.0,299.0,299.0,30.0,7.5,2.89,8970.0
JNE3831,299.0,0.0,299.0,299.0,10.0,5.0,0.0,2990.0
JNE3832,299.0,0.0,299.0,299.0,20.0,5.0,0.0,5980.0
JNE3839,374.0,0.0,374.0,374.0,35.0,7.0,2.74,12808.0
JNE3840,374.0,0.0,374.0,374.0,35.0,7.0,2.74,12808.0
JNE3843,374.0,0.0,374.0,374.0,15.0,5.0,0.0,5328.0
JNE3844,374.0,0.0,374.0,374.0,30.0,5.0,0.0,10938.0
JNE3845,374.0,0.0,374.0,374.0,25.0,5.0,0.0,9068.0
JNE3846,374.0,0.0,374.0,374.0,35.0,7.0,2.74,12808.0
JNE3847,374.0,0.0,374.0,374.0,10.0,5.0,0.0,3740.0
JNE3848,299.0,0.0,299.0,299.0,45.0,5.0,0.0,13230.0
JNE3849,299.0,0.0,299.0,299.0,60.0,7.5,4.63,17715.0
JNE3850,299.0,0.0,299.0,299.0,10.0,5.0,0.0,2990.0
JNE3851,299.0,0.0,299.0,299.0,20.0,5.0,0.0,5980.0
JNE3852,299.0,0.0,299.0,299.0,20.0,5.0,0.0,5980.0
JNE3853,299.0,0.0,299.0,299.0,50.0,8.33,5.16,14950.0
JNE3855,299.0,0.0,299.0,299.0,20.0,5.0,0.0,5980.0
JNE3856,587.5,,587.5,587.5,1.0,1.0,,588.0
JNE3861,760.91,45.61,620.0,775.0,22.0,1.0,0.0,16740.0
JNE3862,537.5,,537.5,537.5,1.0,1.0,,537.5
JNE3864,537.5,0.0,537.5,537.5,3.0,1.0,0.0,1612.5
JNE3865,537.5,0.0,537.5,537.5,4.0,1.0,0.0,2150.0
JNE3869,567.0,,567.0,567.0,1.0,1.0,,567.0
JNE3870,656.94,60.63,550.0,687.5,9.0,1.0,0.0,5914.0
JNE3879,775.0,,775.0,775.0,1.0,1.0,,775.0
JNE3880,650.0,0.0,650.0,650.0,9.0,1.0,0.0,5850.0
JNE3881,812.5,0.0,812.5,812.5,5.0,1.0,0.0,4062.5
JNE3893,687.5,,687.5,687.5,1.0,1.0,,687.5
JNE3894,737.5,,737.5,737.5,1.0,1.0,,737.5
JNE3895,737.5,0.0,737.5,737.5,2.0,1.0,0.0,1475.0
JNE3902,612.5,,612.5,612.5,1.0,1.0,,612.5
JNE3905,562.5,0.0,562.5,562.5,4.0,1.0,0.0,2250.0
Kurta,1995.21,402.91,1195.0,3995.0,32220.0,40.17,7.82,62958497.0
Kurta Set,2741.08,761.49,1795.0,5997.0,11155.0,32.24,9.47,28598818.0
MEN5001,583.06,29.05,536.0,598.75,8.0,1.0,0.0,4666.0
MEN5002,577.05,18.21,541.25,586.0,30.0,1.0,0.0,17167.5
MEN5003,550.23,30.77,524.0,616.56,23.0,1.35,0.7,12497.0
MEN5004,592.11,12.65,586.0,616.56,15.0,1.0,0.0,8883.0
MEN5005,600.88,24.23,549.0,611.25,22.0,1.83,0.39,12708.0
MEN5006,552.15,42.72,536.0,649.03,7.0,1.0,0.0,3865.0
MEN5007,523.21,31.23,499.0,561.25,18.0,1.0,0.0,9416.0
MEN5008,542.5,26.16,524.0,561.0,2.0,1.0,0.0,1085.0
MEN5009,565.83,28.15,549.0,616.56,51.0,1.24,0.43,28537.0
MEN5011,554.85,53.44,524.0,616.56,3.0,1.0,0.0,1665.0
MEN5013,581.28,29.94,561.0,649.03,24.0,1.33,0.69,13830.0
MEN5014,569.0,26.54,561.0,649.03,15.0,1.36,0.5,8503.0
MEN5015,567.19,46.59,524.0,616.56,3.0,1.0,0.0,1702.0
MEN5016,595.61,24.02,536.0,611.25,22.0,1.38,0.5,12830.0
MEN5017,644.58,25.74,606.25,661.0,20.0,1.0,0.0,12891.5
MEN5018,574.0,0.0,574.0,574.0,17.0,1.0,0.0,9758.0
MEN5019,587.42,18.23,561.0,598.75,17.0,1.7,0.48,10069.0
MEN5020,536.0,0.0,536.0,536.0,8.0,1.0,0.0,4288.0
MEN5021,636.25,0.0,636.25,636.25,6.0,1.0,0.0,3816.0
MEN5022,607.79,15.21,599.0,649.03,16.0,1.14,0.36,9707.0
MEN5023,625.0,22.98,605.0,649.0,11.0,1.0,0.0,6875.0
MEN5024,553.07,43.74,515.0,598.75,17.0,1.55,0.52,9175.0
MEN5025,640.07,17.62,605.0,649.03,31.0,1.0,0.0,19842.0
MEN5026,589.31,17.47,561.0,598.75,8.0,1.0,0.0,4716.0
MEN5027,524.63,31.58,499.0,561.25,21.0,1.24,0.44,10913.0
MEN5028,605.02,50.82,561.0,649.03,4.0,1.0,0.0,2420.0
MEN5029,523.9,31.57,499.0,561.25,21.0,1.4,0.74,10851.0
MEN5030,535.27,23.65,523.75,599.0,23.0,1.77,0.44,11671.0
MEN5031,632.5,11.77,599.0,636.25,10.0,1.0,0.0,6323.0
MEN5032,651.96,11.9,637.5,661.0,13.0,1.0,0.0,8475.5
NW002,556.0,,556.0,556.0,1.0,1.0,,556.0
NW003,687.5,0.0,687.5,687.5,2.0,1.0,0.0,1306.0
NW005,811.85,0.0,811.85,811.85,2.0,1.0,0.0,1624.0
NW006,811.85,,811.85,811.85,1.0,1.0,,812.0
NW008,850.0,0.0,850.0,850.0,2.0,1.0,0.0,1700.0
NW009,812.0,,812.0,812.0,1.0,1.0,,812.0
NW012,850.0,0.0,850.0,850.0,10.0,1.0,0.0,8080.0
NW013,649.35,,649.35,649.35,1.0,1.0,,649.0
NW016,769.0,0.0,769.0,769.0,2.0,1.0,0.0,1538.0
NW030,771.25,0.0,771.25,771.25,2.0,1.0,0.0,1466.0
NW031,851.45,62.44,779.35,887.5,3.0,1.0,0.0,2465.0
NW032,779.35,,779.35,779.35,1.0,1.0,,779.0
Nill,2422.36,1149.29,199.0,4899.0,2607.0,36.21,13.25,5361772.5
PJ0096,673.25,61.45,590.0,737.5,10.0,1.0,0.0,6736.0
PJNE1906,587.5,0.0,587.5,587.5,6.0,1.0,0.0,3438.0
PJNE2014,650.0,0.0,650.0,650.0,3.0,1.0,0.0,1854.0
PJNE2100,587.5,0.0,587.5,587.5,3.0,1.0,0.0,1764.0
PJNE2171,775.0,0.0,775.0,775.0,6.0,1.0,0.0,4650.0
PJNE3364,587.5,0.0,587.5,587.5,9.0,1.0,0.0,5292.0
PJNE3399,650.0,0.0,650.0,650.0,4.0,1.0,0.0,2600.0
PJNE3405,462.5,0.0,462.5,462.5,3.0,1.0,0.0,1386.0
PJNE3421,450.0,0.0,450.0,450.0,3.0,1.0,0.0,1350.0
PJNE3440,537.56,0.16,537.5,538.0,18.0,1.0,0.0,9684.0
PJNE3568,462.5,0.0,462.5,462.5,5.0,1.0,0.0,2310.0
SAR029,661.25,,661.25,661.25,1.0,1.0,,661.0
SAR033,771.25,0.0,771.25,771.25,8.0,4.0,0.0,5984.0
SAR043,653.75,0.0,653.75,653.75,4.0,2.0,0.0,2536.0
SAR044,653.75,0.0,653.75,653.75,4.0,2.0,0.0,2536.0
SAR045,668.75,25.98,653.75,698.75,5.0,1.67,0.58,3235.0
SAR046,653.75,0.0,653.75,653.75,4.0,2.0,0.0,2536.0
SAR054,998.75,,998.75,998.75,1.0,1.0,,999.0
SAR079,1903.75,0.0,1903.75,1903.75,4.0,2.0,0.0,7386.0
SAR086,1903.75,0.0,1903.75,1903.75,4.0,2.0,0.0,7386.0
SAR101,561.25,,561.25,561.25,1.0,1.0,,561.0
SAR105,561.25,,561.25,561.25,1.0,1.0,,561.0
SAR108,561.25,,561.25,561.25,1.0,1.0,,561.0
SAR110,561.25,,561.25,561.25,1.0,1.0,,561.0
SET014,1306.0,0.0,1306.0,1306.0,3.0,1.0,0.0,3918.0
SET037,681.1,0.13,681.0,681.25,17.0,1.0,0.0,10950.0
SET038,768.66,9.63,747.0,775.0,67.0,1.68,1.14,48626.0
SET043,1075.07,98.2,974.0,1181.0,52.0,1.68,0.98,55025.0
SET044,668.64,21.15,646.0,687.5,22.0,1.0,0.0,14106.0
SET048,968.75,,968.75,968.75,1.0,1.0,,969.0
SET055,944.0,0.0,944.0,944.0,20.0,2.0,0.0,18310.0
SET058,936.74,35.19,844.35,957.5,36.0,1.33,0.96,31617.0
SET062,878.75,0.0,878.75,878.75,20.0,1.25,0.45,16874.0
SET073,920.0,0.0,920.0,920.0,10.0,1.0,0.0,8920.0
SET083,931.25,0.0,931.25,931.25,4.0,1.0,0.0,3388.0
SET094,980.62,33.57,941.85,1000.0,3.0,1.0,0.0,2842.0
SET098,849.69,53.87,750.0,900.0,52.0,1.33,0.84,41428.0
SET110,917.57,23.89,876.85,931.25,58.0,2.07,1.9,48521.0
SET130,646.0,0.0,646.0,646.0,20.0,2.0,0.0,12530.0
SET131,647.19,0.0,647.19,647.19,7.0,1.0,0.0,4123.0
SET138,995.5,2.78,994.0,1000.0,10.0,1.25,0.46,9952.0
SET144,889.75,51.01,825.0,931.0,42.0,1.31,0.47,36730.0
SET145,877.0,0.0,877.0,877.0,5.0,1.0,0.0,4385.0
SET147,928.0,3.1,925.0,931.0,16.0,1.0,0.0,14848.0
SET154,894.0,0.0,894.0,894.0,4.0,1.0,0.0,3576.0
SET156,929.62,2.63,925.0,931.0,13.0,1.0,0.0,11723.0
SET158,994.0,0.0,994.0,994.0,12.0,2.0,0.0,11568.0
SET164,638.89,0.0,638.89,638.89,5.0,1.0,0.0,2905.0
SET171,1056.25,0.0,1056.25,1056.25,3.0,1.0,0.0,3009.0
SET172,1309.67,3.31,1306.0,1312.5,18.0,1.12,0.34,23250.0
SET182,761.61,38.72,725.0,812.5,28.0,1.0,0.0,20891.0
SET183,868.75,0.0,868.75,868.75,6.0,1.0,0.0,4746.0
SET184,614.36,3.05,612.5,619.0,14.0,1.0,0.0,8340.0
SET186,913.94,23.69,876.85,931.0,48.0,1.92,1.66,39833.0
SET187,758.09,44.24,625.0,775.0,11.0,1.0,0.0,8201.0
SET188,921.0,43.7,844.35,944.0,32.0,2.46,0.88,27733.0
SET193,806.0,0.0,806.0,806.0,38.0,1.27,0.45,30244.0
SET194,738.94,2.75,737.5,744.0,27.0,1.0,0.0,19518.0
SET195,931.0,0.0,931.0,931.0,3.0,1.0,0.0,2793.0
SET196,846.57,3.08,844.0,850.0,26.0,1.86,0.36,21340.0
SET197,877.08,23.78,787.5,887.5,59.0,1.13,0.34,50484.5
SET198,809.61,3.32,806.0,812.5,26.0,1.44,0.51,20232.0
SET199,739.94,3.21,737.5,744.0,26.0,1.08,0.28,19076.0
SET200,894.0,0.0,894.0,894.0,34.0,1.42,0.5,29856.0
SET201,894.0,0.0,894.0,894.0,2.0,1.0,0.0,1788.0
SET202,468.0,0.0,468.0,468.0,2.0,1.0,0.0,936.0
SET203,531.0,0.0,531.0,531.0,12.0,2.0,0.0,6180.0
SET204,587.75,0.27,587.5,588.0,6.0,1.0,0.0,3528.0
SET205,697.0,165.83,506.25,894.0,40.0,1.0,0.0,26826.0
SET209,806.0,0.0,806.0,806.0,8.0,1.0,0.0,6448.0
SET210,776.61,14.91,765.0,813.0,41.0,2.28,1.81,29580.0
SET217,1144.53,83.02,1071.85,1244.0,13.0,1.0,0.0,14880.0
SET218,994.0,0.0,994.0,994.0,10.0,1.0,0.0,9640.0
SET219,1125.0,0.0,1125.0,1125.0,2.0,1.0,0.0,2250.0
SET220,1136.85,0.0,1136.85,1136.85,7.0,1.0,0.0,7959.0
SET221,1156.0,0.0,1156.0,1156.0,14.0,1.0,0.0,16184.0
SET223,973.2,2.82,969.0,975.0,22.0,1.1,0.31,21240.0
SET224,1587.5,0.0,1587.5,1587.5,3.0,1.0,0.0,4524.0
SET225,757.95,8.92,750.0,767.5,22.0,1.0,0.0,15984.0
SET226,809.25,3.56,806.0,812.5,6.0,1.0,0.0,4734.0
SET227,812.56,56.74,693.75,850.0,29.0,1.32,0.89,22238.0
SET228,799.29,34.64,779.0,850.0,14.0,2.0,1.41,10112.0
SET229,942.0,0.0,942.0,942.0,5.0,1.0,0.0,4710.0
SET230,850.0,0.0,850.0,850.0,2.0,1.0,0.0,1700.0
SET231,582.59,0.0,582.59,582.59,5.0,1.0,0.0,2650.0
SET232,748.91,98.96,656.25,850.0,33.0,1.43,0.51,24816.0
SET233,850.0,0.0,850.0,850.0,20.0,2.0,0.0,16490.0
SET234,574.0,0.0,574.0,574.0,5.0,1.0,0.0,2610.0
SET235,583.33,0.0,583.33,583.33,5.0,1.0,0.0,2655.0
SET236,806.4,47.97,750.0,850.0,60.0,1.2,0.4,47786.0
SET238,708.9,10.47,706.0,743.75,13.0,1.0,0.0,9006.0
SET239,1052.0,80.56,1000.0,1156.0,6.0,1.0,0.0,6312.0
SET240,769.0,0.0,769.0,769.0,4.0,1.0,0.0,3076.0
SET243,703.2,37.87,649.0,769.0,26.0,1.0,0.0,18180.0
SET244,1126.67,112.47,909.35,1181.0,24.0,1.6,1.24,24321.0
SET245,1179.88,2.38,1175.0,1181.0,32.0,1.0,0.0,37266.0
SET246,633.41,44.47,593.75,681.0,32.0,1.45,0.51,19978.0
SET248,649.18,10.55,646.0,681.0,11.0,1.0,0.0,6951.0
SET249,869.26,49.82,844.35,944.0,13.0,3.25,1.5,10367.0
SET250,921.0,2.34,920.0,926.0,12.0,1.0,0.0,10772.0
SET251,835.9,39.55,779.35,887.5,34.0,1.26,0.81,26978.0
SET252,865.43,32.82,787.5,887.5,38.0,1.31,0.71,32139.5
SET253,928.14,42.38,850.0,950.0,14.0,1.0,0.0,12514.0
SET258,1288.07,18.47,1282.5,1343.75,11.0,1.0,0.0,13524.0
SET260,582.0,0.0,582.0,582.0,3.0,1.0,0.0,1746.0
SET261,556.0,0.0,556.0,556.0,5.0,1.0,0.0,2780.0
SET262,819.96,74.76,743.75,894.0,27.0,1.08,0.28,21846.0
SET263,806.0,0.0,806.0,806.0,10.0,1.0,0.0,7820.0
SET264,962.22,39.39,812.5,975.0,44.0,1.38,0.79,41897.0
SET265,975.0,0.0,975.0,975.0,10.0,1.0,0.0,9750.0
SET266,930.14,2.15,925.0,931.0,21.0,1.0,0.0,19253.0
SET267,927.4,2.99,925.0,931.0,34.0,1.13,0.51,30994.0
SET268,923.64,19.53,844.0,931.0,92.0,1.67,1.25,84250.0
SET269,971.18,2.95,968.75,975.0,30.0,1.0,0.0,28989.0
SET270,879.92,13.24,868.75,894.0,9.0,1.0,0.0,7531.0
SET271,1244.0,0.0,1244.0,1244.0,3.0,1.0,0.0,3732.0
SET272,894.0,,894.0,894.0,1.0,1.0,,894.0
SET273,684.38,3.26,681.25,687.5,24.0,2.0,1.81,15477.0
SET275,1056.0,0.0,1056.0,1056.0,28.0,1.27,0.46,28870.0
SET276,1418.77,22.47,1344.0,1425.0,13.0,1.0,0.0,18444.0
SET278,1739.5,109.27,1420.0,1775.0,20.0,1.0,0.0,34790.0
SET280,1231.06,149.88,1006.25,1306.0,4.0,1.0,0.0,4924.0
SET281,850.0,0.0,850.0,850.0,12.0,1.0,0.0,9940.0
SET282,1238.09,1.96,1237.5,1244.0,11.0,1.0,0.0,13620.5
SET285,612.5,0.0,612.5,612.5,17.0,1.0,0.0,10044.0
SET286,686.96,1.84,681.0,687.5,24.0,1.0,0.0,15828.0
SET287,675.2,25.68,612.5,687.5,22.0,1.0,0.0,14439.0
SET289,681.04,0.09,681.0,681.25,19.0,2.71,0.76,12573.0
SET290,787.5,61.02,650.0,812.5,13.0,1.0,0.0,9792.0
SET291,578.81,60.4,490.0,619.0,32.0,1.23,0.43,18351.0
SET293,775.0,0.0,775.0,775.0,26.0,1.0,0.0,20033.0
SET295,850.0,0.0,850.0,850.0,18.0,1.0,0.0,15300.0
SET297,812.5,0.0,812.5,812.5,13.0,1.0,0.0,10559.5
SET299,1012.5,0.0,1012.5,1012.5,2.0,1.0,0.0,2025.0
SET300,1162.5,0.0,1162.5,1162.5,15.0,1.0,0.0,17256.0
SET301,1312.5,0.0,1312.5,1312.5,3.0,1.0,0.0,3936.0
SET302,1037.5,,1037.5,1037.5,1.0,1.0,,1037.5
SET304,1350.0,0.0,1350.0,1350.0,9.0,1.0,0.0,11946.0
SET305,1037.5,0.0,1037.5,1037.5,8.0,1.0,0.0,8300.0
SET306,735.0,11.18,687.5,737.5,20.0,1.0,0.0,14709.5
SET307,620.0,0.0,620.0,620.0,6.0,1.0,0.0,3720.0
SET311,1137.5,0.0,1137.5,1137.5,3.0,1.0,0.0,3414.0
SET316,1285.34,81.36,1050.0,1312.5,29.0,1.0,0.0,37070.5
SET317,1215.0,190.92,1080.0,1350.0,2.0,1.0,0.0,2430.0
SET319,975.0,0.0,975.0,975.0,10.0,1.0,0.0,9750.0
SET320,1000.0,0.0,1000.0,1000.0,16.0,1.0,0.0,16000.0
SET321,1037.5,0.0,1037.5,1037.5,9.0,1.0,0.0,9234.5
SET322,1206.56,87.5,990.0,1237.5,8.0,1.0,0.0,9654.0
SET323,1162.5,0.0,1162.5,1162.5,23.0,1.0,0.0,26726.0
SET325,687.5,0.0,687.5,687.5,5.0,1.67,0.58,3437.5
SET326,687.5,0.0,687.5,687.5,8.0,1.0,0.0,5503.0
SET327,1000.0,0.0,1000.0,1000.0,8.0,1.0,0.0,8000.0
SET328,650.0,0.0,650.0,650.0,23.0,1.0,0.0,14654.0
SET329,687.5,0.0,687.5,687.5,6.0,1.0,0.0,4128.0
SET330,595.83,68.75,550.0,687.5,9.0,1.0,0.0,5362.5
SET331,590.0,67.45,520.0,650.0,13.0,1.0,0.0,7670.0
SET332,737.5,0.0,737.5,737.5,3.0,1.0,0.0,2103.0
SET333,1075.0,0.0,1075.0,1075.0,13.0,1.0,0.0,13975.0
SET339,737.5,0.0,737.5,737.5,6.0,1.0,0.0,4427.0
SET341,1087.5,0.0,1087.5,1087.5,2.0,1.0,0.0,2175.0
SET344,1312.5,0.0,1312.5,1312.5,3.0,1.0,0.0,3936.0
SET345,687.75,0.29,687.5,688.0,4.0,1.0,0.0,2751.0
SET348,870.0,0.0,870.0,870.0,3.0,1.0,0.0,2610.0
SET350,1488.42,86.82,1199.46,1512.5,20.0,1.54,0.52,29936.96
SET351,612.5,0.0,612.5,612.5,3.0,1.0,0.0,1836.0
SET353,868.64,101.84,780.0,975.0,11.0,1.0,0.0,9457.0
SET355,1625.0,0.0,1625.0,1625.0,18.0,1.0,0.0,29250.0
SET358,1342.0,284.82,1030.0,1550.0,5.0,1.0,0.0,6710.0
SET359,1200.0,0.0,1200.0,1200.0,7.0,1.0,0.0,8400.0
SET360,1201.67,148.67,1030.0,1287.5,3.0,1.0,0.0,3605.0
SET363,1550.0,0.0,1550.0,1550.0,3.0,1.0,0.0,4650.0
SET366,1312.5,,1312.5,1312.5,1.0,1.0,,1312.5
SET369,1030.0,,1030.0,1030.0,1.0,1.0,,1030.0
SET372,844.8,7.12,837.0,850.0,5.0,1.0,0.0,4224.0
SET374,650.0,0.0,650.0,650.0,8.0,1.0,0.0,5200.0
SET375,737.5,0.0,737.5,737.5,3.0,1.0,0.0,2214.0
SET376,687.5,,687.5,687.5,1.0,1.0,,688.0
SET377,1339.5,137.67,1140.0,1425.0,10.0,1.0,0.0,13395.0
SET378,1512.5,0.0,1512.5,1512.5,3.0,1.0,0.0,4311.0
SET380,1068.75,112.5,900.0,1125.0,4.0,1.0,0.0,4275.0
SET383,925.0,0.0,925.0,925.0,2.0,1.0,0.0,1850.0
SET385,925.0,0.0,925.0,925.0,4.0,1.0,0.0,3700.0
SET386,925.0,0.0,925.0,925.0,2.0,1.0,0.0,1850.0
SET388,1466.67,12.5,1450.0,1475.0,12.0,1.33,0.5,17550.0
SET389,1000.0,0.0,1000.0,1000.0,2.0,1.0,0.0,2000.0
SET392,850.0,0.0,850.0,850.0,7.0,1.0,0.0,5824.0
SET393,1350.0,0.0,1350.0,1350.0,3.0,1.0,0.0,4050.0
SET394,1475.0,0.0,1475.0,1475.0,6.0,1.0,0.0,8850.0
SET395,1198.5,123.18,1020.0,1275.0,10.0,1.0,0.0,11985.0
SET397,1080.0,,1080.0,1080.0,1.0,1.0,,1080.0
SET401,1350.0,0.0,1350.0,1350.0,2.0,1.0,0.0,2700.0
SET404,1110.0,0.0,1110.0,1110.0,2.0,1.0,0.0,2220.0
SET405,792.19,57.45,650.0,812.5,9.0,1.12,0.35,7148.5
SET413,925.0,0.0,925.0,925.0,2.0,1.0,0.0,1850.0
Tops,1742.28,109.45,1595.0,1895.0,1872.0,41.6,6.96,3257875.5
btm008,350.0,,350.0,350.0,1.0,1.0,,350.0
pJNE2100,500.0,,500.0,500.0,1.0,1.0,,500.0
pJNE3404,500.0,,500.0,500.0,1.0,1.0,,500.0
sEt197,787.5,,787.5,787.5,1.0,1.0,,787.5
sEt220,969.0,,969.0,969.0,1.0,1.0,,969.0
sEt264,711.0,0.0,711.0,711.0,2.0,1.0,0.0,1422.0
sEt268,680.0,,680.0,680.0,1.0,1.0,,680.0
sEt276,1425.0,,1425.0,1425.0,1.0,1.0,,1425.0
sEt279,804.0,,804.0,804.0,1.0,1.0,,804.0
sEt286,567.0,,567.0,567.0,1.0,1.0,,567.0
sEt291,505.0,,505.0,505.0,1.0,1.0,,505.0
sEt300,886.0,,886.0,886.0,1.0,1.0,,886.0
sEt303,804.0,0.0,804.0,804.0,2.0,1.0,0.0,1608.0
sEt316,1312.5,,1312.5,1312.5,1.0,1.0,,1312.5
sEt325,687.5,,687.5,687.5,1.0,1.0,,687.5
sEt329,687.5,,687.5,687.5,1.0,1.0,,687.5
sEt334,567.0,0.0,567.0,567.0,2.0,1.0,0.0,1134.0
sEt339,737.5,,737.5,737.5,1.0,1.0,,737.5
sEt353,868.5,150.61,762.0,975.0,2.0,1.0,0.0,1737.0
