Category,Current_Price,Recommended_Price,Price_Change_%,Expected_Profit_Change_%,Expected_Revenue_Change_%,Price_Elasticity,Risk_Level
MEN5004,592.11,858.56,45.0,112.5,45.0,-0.0,High
MEN5009,565.83,820.45,45.0,112.5,45.0,-0.0,High
MEN5025,640.07,928.09,45.0,112.5,45.0,0.0,High
MEN5022,607.79,881.29,45.0,112.5,45.0,0.0,High
MEN5014,569.0,825.05,45.0,108.72,42.42,-0.04,High
MEN5013,581.28,842.86,45.0,112.5,45.0,-0.0,High
MEN5003,550.23,797.83,45.0,112.5,45.0,-0.0,High
JNE3656,430.0,623.49,45.0,112.5,45.0,-0.0,High
JNE3673,533.58,773.69,45.0,112.5,45.0,0.0,High
JNE3651,430.06,623.58,45.0,112.5,45.0,-0.0,High
JNE3712,431.86,345.49,-20.0,7918.88,12730.21,-796.89,High
JNE3672,496.39,719.76,45.0,112.5,45.0,0.0,High
JNE3674,494.69,717.3,45.0,112.5,45.0,0.0,High
JNE3670,518.8,752.27,45.0,2324.25,1554.2,23.13,High
J0119,455.77,660.87,45.0,112.5,45.0,0.0,High
JNE3421,407.98,591.58,45.0,112.5,45.0,0.0,High
JNE3667,405.96,588.64,45.0,195.39,101.56,0.87,High
JNE3659,353.03,511.89,45.0,112.5,45.0,0.0,High
J0214,684.65,992.74,45.0,112.5,45.0,0.0,High
J0201,572.61,830.28,45.0,1340.72,883.08,12.84,High
J0197,576.99,836.64,45.0,3177.61,2136.49,32.05,High
JNE3640,432.77,627.51,45.0,112.5,45.0,-0.0,High
JNE3535,425.03,616.3,45.0,3264.54,2195.8,32.96,High
JNE3365,442.13,641.09,45.0,112.5,45.0,0.0,High
BTM008,437.92,634.98,45.0,112.5,45.0,0.0,High
J0024,488.21,707.91,45.0,112.5,45.0,-0.0,High
J0109,1159.45,1681.2,45.0,112.5,45.0,0.0,High
J0110,1208.68,1752.59,45.0,112.5,45.0,0.0,High
J0281,1607.22,2330.46,45.0,112.5,45.0,0.0,High
J0285,1673.59,2426.71,45.0,112.5,45.0,0.0,High
JNE3615,484.73,702.85,45.0,112.5,45.0,0.0,High
JNE3619,501.81,727.63,45.0,112.5,45.0,0.0,High
SET217,1144.53,1659.58,45.0,112.5,45.0,0.0,High
J0098,522.67,757.87,45.0,112.5,45.0,-0.0,High
J0084,841.71,757.54,-10.0,21.49,45.79,-6.2,Medium
JNE3669,521.15,755.66,45.0,112.5,45.0,0.0,High
JNE3678,413.91,600.17,45.0,112.5,45.0,-0.0,High
J0202,665.95,965.63,45.0,49.93,2.3,-0.65,High
JNE3686,454.44,658.94,45.0,112.5,45.0,0.0,High
J0211,807.68,1171.14,45.0,112.5,45.0,0.0,High
J0353,633.5,918.58,45.0,112.5,45.0,0.0,High
J0212,762.22,1105.23,45.0,112.5,45.0,0.0,High
JNE2170,572.84,830.61,45.0,112.5,45.0,0.0,High
J0004,1315.75,1907.84,45.0,112.5,45.0,0.0,High
J0011,1287.15,1866.37,45.0,112.5,45.0,0.0,High
SET243,703.2,1019.64,45.0,112.5,45.0,0.0,High
SET182,761.61,1104.33,45.0,112.5,45.0,-0.0,High
SET043,1075.07,1558.85,45.0,253.71,141.35,1.48,High
J0130,985.1,1428.4,45.0,369086.56,251815.54,3858.55,High
SET269,971.18,1408.22,45.0,112.5,45.0,0.0,High
SET200,894.0,1296.3,45.0,112.5,45.0,0.0,High
SET236,806.4,1169.28,45.0,112.5,45.0,0.0,High
SET199,739.94,1072.91,45.0,112.5,45.0,-0.0,High
SET275,1056.0,1531.2,45.0,109.31,42.83,-0.03,High
SET037,681.1,987.6,45.0,112.5,45.0,-0.0,High
SET273,684.38,992.34,45.0,112.5,45.0,0.0,High
SET038,768.66,614.93,-20.0,260.21,476.34,-31.02,High
SET251,835.9,1212.06,45.0,112.5,45.0,0.0,High
SET205,697.0,1010.64,45.0,112.5,45.0,-0.0,High
SET197,877.08,1271.77,45.0,112.5,45.0,0.0,High
SET098,849.69,1232.06,45.0,112.5,45.0,-0.0,High
J0009,1045.69,1516.26,45.0,112.5,45.0,-0.0,High
J0246,1320.13,1914.19,45.0,112.5,45.0,0.0,High
SET110,917.57,734.06,-20.0,6016.73,9686.78,-606.67,High
J0147,994.36,1441.82,45.0,112.5,45.0,-0.0,High
J0178,346.64,502.63,45.0,112.5,45.0,0.0,High
JNE3713,403.11,584.51,45.0,555.99,347.62,4.64,High
J0176,474.01,687.31,45.0,498.21,308.19,4.03,High
J0118,408.55,592.4,45.0,112.5,45.0,-0.0,High
JNE3664,533.89,774.14,45.0,112.5,45.0,0.0,High
JNE3684,379.65,550.49,45.0,38663.88,26350.65,403.15,High
JNE3683,414.64,601.22,45.0,112.5,45.0,-0.0,High
JNE3679,452.27,655.8,45.0,112.5,45.0,0.0,High
BTM005,407.52,590.9,45.0,112.5,45.0,0.0,High
BTM031,332.86,482.64,45.0,112.5,45.0,-0.0,High
BTM002,333.93,484.2,45.0,112.5,45.0,-0.0,High
BTM021,423.94,614.71,45.0,112.5,45.0,0.0,High
BTM027,345.64,501.18,45.0,112.5,45.0,0.0,High
BTM047,436.49,632.91,45.0,112.5,45.0,-0.0,High
BTM042,437.28,634.05,45.0,393.76,236.92,2.94,High
J0158,687.06,996.24,45.0,112.5,45.0,0.0,High
J0093,749.19,1086.32,45.0,112.5,45.0,-0.0,High
J0154,570.49,456.39,-20.0,163.2,321.12,-21.32,High
JNE3440,386.15,559.92,45.0,112.5,45.0,-0.0,High
JNE3574,413.3,599.29,45.0,112.5,45.0,0.0,High
JNE3439,390.41,566.09,45.0,112.5,45.0,0.0,High
JNE1977,404.92,587.13,45.0,112.5,45.0,0.0,High
JNE1998,431.56,625.77,45.0,112.5,45.0,0.0,High
JNE3489,401.2,581.74,45.0,112.5,45.0,-0.0,High
JNE3627,438.1,635.24,45.0,1163.95,762.46,11.0,High
JNE3576,428.86,621.84,45.0,112.5,45.0,-0.0,High
JNE3605,447.92,649.48,45.0,112.5,45.0,0.0,High
JNE2014,449.63,651.97,45.0,112.5,45.0,0.0,High
JNE3405,392.26,568.77,45.0,112.5,45.0,-0.0,High
JNE3420,416.2,603.5,45.0,112.5,45.0,-0.0,High
JNE3560,450.0,652.5,45.0,112.5,45.0,0.0,High
JNE3547,456.94,662.57,45.0,112.5,45.0,0.0,High
JNE3554,464.44,673.43,45.0,112.5,45.0,0.0,High
JNE3256,582.21,844.21,45.0,112.5,45.0,0.0,High
JNE3562,669.42,970.65,45.0,112.5,45.0,0.0,High
JNE3577,682.17,989.14,45.0,112.5,45.0,-0.0,High
JNE3506,787.77,1142.26,45.0,112.5,45.0,0.0,High
JNE3288,669.88,971.32,45.0,112.5,45.0,-0.0,High
J0138,689.62,586.18,-15.0,77.26,141.07,-12.24,High
J0012,1334.39,1067.51,-20.0,226.2,421.91,-27.62,High
J0243,1169.6,1286.56,10.0,5.58,-7.09,-1.55,High
MEN5016,595.61,863.63,45.0,3328.23,2239.26,33.63,High
MEN5030,535.27,776.14,45.0,112.5,45.0,0.0,High
MEN5031,632.5,917.13,45.0,112.5,45.0,0.0,High
SET058,936.74,1358.28,45.0,112.5,45.0,0.0,High
J0336,552.44,801.04,45.0,112.5,45.0,-0.0,High
JNE3665,393.32,570.32,45.0,1051.3,685.59,9.82,High
J0123,293.71,425.87,45.0,112.5,45.0,-0.0,High
J0279,1076.16,1560.43,45.0,112.5,45.0,0.0,High
J0283,992.92,1439.73,45.0,1605.58,1063.81,15.61,High
JNE2100,471.56,377.24,-20.0,153.11,304.98,-20.31,High
JNE3366,424.25,615.16,45.0,112.5,45.0,-0.0,High
JNE3555,462.45,670.56,45.0,112.5,45.0,0.0,High
JNE3642,385.05,558.32,45.0,1278.22,840.43,12.19,High
SET186,913.94,731.15,-20.0,165.86,325.37,-21.59,High
SET210,776.61,1126.09,45.0,6781.83,4595.84,69.74,High
SET227,812.56,1178.21,45.0,112.5,45.0,0.0,High
JNE3671,500.69,726.01,45.0,112.5,45.0,0.0,High
SET258,1288.07,1867.7,45.0,112.5,45.0,0.0,High
JNE3687,458.0,664.1,45.0,112.5,45.0,0.0,High
SET238,708.9,1027.91,45.0,112.5,45.0,0.0,High
J0205,507.96,736.54,45.0,112.5,45.0,0.0,High
J0172,413.33,599.33,45.0,112.5,45.0,0.0,High
JNE3616,490.59,711.35,45.0,112.5,45.0,-0.0,High
JNE3634,661.73,959.51,45.0,112.5,45.0,0.0,High
J0242,1293.36,1875.37,45.0,112.5,45.0,-0.0,High
JNE3548,458.58,664.94,45.0,112.5,45.0,0.0,High
SET248,649.18,941.31,45.0,112.5,45.0,0.0,High
JNE3645,345.58,501.09,45.0,112.5,45.0,0.0,High
JNE3666,431.02,624.98,45.0,112.5,45.0,0.0,High
SET252,865.43,1254.88,45.0,112.5,45.0,0.0,High
SET172,1309.67,1899.02,45.0,112.5,45.0,0.0,High
JNE3581,618.9,897.4,45.0,112.5,45.0,0.0,High
J0277,1774.54,1508.36,-15.0,41.92,93.01,-8.47,High
SET232,748.91,1085.92,45.0,345.43,203.94,2.44,High
JNE3676,418.81,607.27,45.0,112.5,45.0,-0.0,High
SET188,921.0,1335.46,45.0,112.5,45.0,0.0,High
SET244,1126.67,1633.67,45.0,112.5,45.0,-0.0,High
JNE3479,312.87,453.66,45.0,112.5,45.0,0.0,High
MEN5027,524.63,760.72,45.0,112.5,45.0,-0.0,High
MEN5007,523.21,758.65,45.0,112.5,45.0,-0.0,High
MEN5029,523.9,576.29,10.0,3.94,-8.53,-1.68,High
MEN5019,587.42,851.77,45.0,1130.3,739.5,10.64,High
MEN5024,553.07,497.76,-10.0,9.5,31.4,-4.6,Medium
JNE3480,339.67,492.52,45.0,112.5,45.0,0.0,High
JNE3546,426.97,619.1,45.0,112.5,45.0,0.0,High
JNE3622,450.44,653.14,45.0,112.5,45.0,-0.0,High
SET262,819.96,1188.94,45.0,112.5,45.0,-0.0,High
SET287,675.2,979.05,45.0,112.5,45.0,0.0,High
SET144,889.75,1290.14,45.0,408.44,246.93,3.09,High
SET268,923.64,1339.27,45.0,8638.81,5862.95,89.16,High
SET253,928.14,1345.81,45.0,112.5,45.0,0.0,High
JNE3557,459.69,666.55,45.0,112.5,45.0,0.0,High
JNE3644,374.15,542.52,45.0,112.5,45.0,0.0,High
J0096,557.1,807.79,45.0,112.5,45.0,0.0,High
SET276,1418.77,2057.22,45.0,112.5,45.0,0.0,High
SET282,1238.09,1795.23,45.0,112.5,45.0,-0.0,High
J0304,359.0,520.55,45.0,112.5,45.0,0.0,High
J0198,569.42,825.66,45.0,112.5,45.0,-0.0,High
JNE3500,650.0,942.5,45.0,112.5,45.0,0.0,High
JNE3688,518.36,751.62,45.0,112.5,45.0,0.0,High
JNE3668,421.04,610.51,45.0,112.5,45.0,-0.0,High
MEN5018,574.0,832.3,45.0,112.5,45.0,0.0,High
MEN5023,625.0,906.25,45.0,112.5,45.0,-0.0,High
JNE3648,423.64,423.64,0.0,0.0,-0.0,-2.48,Low
J0094,750.61,1088.39,45.0,112.5,45.0,0.0,High
BTM039,434.45,629.95,45.0,2784.46,1868.22,27.94,High
SET267,927.4,1344.73,45.0,112.5,45.0,-0.0,High
JNE3741,500.29,725.41,45.0,112.5,45.0,0.0,High
SET266,930.14,1348.71,45.0,112.5,45.0,0.0,High
J0120,387.74,562.22,45.0,112.5,45.0,0.0,High
SET194,738.94,1071.47,45.0,112.5,45.0,0.0,High
JNE2032,486.38,413.42,-15.0,53.41,108.64,-9.7,High
JNE3273,638.75,926.19,45.0,112.5,45.0,0.0,High
JNE3432,497.17,720.89,45.0,112.5,45.0,0.0,High
JNE3434,429.29,622.46,45.0,112.5,45.0,-0.0,High
JNE3435,422.5,612.63,45.0,112.5,45.0,-0.0,High
JNE3636,513.33,744.33,45.0,112.5,45.0,0.0,High
JNE3716,452.63,656.31,45.0,112.5,45.0,0.0,High
JNE3758,494.0,716.3,45.0,112.5,45.0,0.0,High
SET044,668.64,969.52,45.0,112.5,45.0,0.0,High
SET055,944.0,1368.8,45.0,112.5,45.0,0.0,High
SET073,920.0,1334.0,45.0,112.5,45.0,-0.0,High
SET130,646.0,936.7,45.0,112.5,45.0,0.0,High
SET156,929.62,1347.94,45.0,112.5,45.0,0.0,High
SET184,614.36,890.82,45.0,112.5,45.0,-0.0,High
SET187,758.09,1099.23,45.0,112.5,45.0,0.0,High
SET193,806.0,1168.7,45.0,114.68,46.49,0.02,High
SET196,846.57,1227.53,45.0,112.5,45.0,0.0,High
SET198,809.61,647.69,-20.0,812.96,1360.74,-86.3,High
SET218,994.0,1441.3,45.0,112.5,45.0,0.0,High
SET233,850.0,1232.5,45.0,112.5,45.0,0.0,High
SET245,1179.88,1710.82,45.0,112.5,45.0,0.0,High
SET246,633.41,918.44,45.0,595.94,374.88,5.06,High
SET250,921.0,1335.45,45.0,112.5,45.0,-0.0,High
SET263,806.0,1168.7,45.0,112.5,45.0,0.0,High
SET281,850.0,1232.5,45.0,112.5,45.0,-0.0,High
SET286,686.96,996.09,45.0,112.5,45.0,-0.0,High
SET291,578.81,839.27,45.0,112.5,45.0,-0.0,High
JNE3556,459.38,666.09,45.0,112.5,45.0,0.0,High
JNE2009,432.93,367.99,-15.0,45.04,97.26,-8.8,High
SET223,973.2,1411.14,45.0,112.5,45.0,0.0,High
JNE3701,454.62,659.21,45.0,112.5,45.0,0.0,High
SET264,962.22,1395.22,45.0,112.5,45.0,0.0,High
JNE3617,556.0,806.2,45.0,112.5,45.0,0.0,High
JNE3620,555.5,472.18,-15.0,108.42,183.45,-15.56,High
JNE3762,570.55,513.49,-10.0,21.45,45.74,-6.19,Medium
MEN5002,577.05,836.72,45.0,112.5,45.0,0.0,High
JNE3637,684.4,992.39,45.0,112.5,45.0,0.0,High
MEN5032,651.96,945.34,45.0,112.5,45.0,-0.0,High
MEN5005,600.88,871.27,45.0,112.5,45.0,-0.0,High
J0097,556.0,806.2,45.0,112.5,45.0,0.0,High
JNE3567,414.9,601.61,45.0,112.5,45.0,-0.0,High
JNE3718,508.09,736.73,45.0,112.5,45.0,0.0,High
JNE3564,425.4,616.83,45.0,112.5,45.0,0.0,High
JNE3568,427.0,619.15,45.0,112.5,45.0,-0.0,High
JNE3639,429.8,623.21,45.0,112.5,45.0,0.0,High
J0292,459.59,666.41,45.0,112.5,45.0,-0.0,High
J0297,429.0,622.05,45.0,112.5,45.0,0.0,High
J0295,799.69,1159.55,45.0,112.5,45.0,0.0,High
MEN5017,644.58,934.63,45.0,112.5,45.0,-0.0,High
SET221,1156.0,1676.2,45.0,112.5,45.0,-0.0,High
SET147,928.0,1345.6,45.0,112.5,45.0,-0.0,High
J0006,926.73,1343.76,45.0,112.5,45.0,0.0,High
J0013,1096.25,1589.56,45.0,112.5,45.0,-0.0,High
JNE3717,344.3,499.24,45.0,112.5,45.0,-0.0,High
JNE3565,458.93,665.45,45.0,112.5,45.0,0.0,High
J0203,597.66,866.6,45.0,112.5,45.0,-0.0,High
JNE3641,427.4,619.73,45.0,112.5,45.0,-0.0,High
BTM048,432.3,626.84,45.0,2784.46,1868.22,27.94,High
SET062,878.75,1274.19,45.0,112.5,45.0,-0.0,High
NW012,850.0,1232.5,45.0,112.5,45.0,0.0,High
BL111,350.0,507.5,45.0,112.5,45.0,0.0,High
BL110,512.5,743.13,45.0,112.5,45.0,-0.0,High
BL086,255.56,370.56,45.0,112.5,45.0,0.0,High
BL093,255.56,370.56,45.0,112.5,45.0,0.0,High
BL100,325.0,471.25,45.0,112.5,45.0,0.0,High
BL113,437.5,634.38,45.0,112.5,45.0,0.0,High
JNE3523,510.0,739.5,45.0,112.5,45.0,0.0,High
JNE3611,562.5,815.63,45.0,112.5,45.0,-0.0,High
JNE3364,446.88,647.97,45.0,112.5,45.0,-0.0,High
JNE3311,937.5,1359.38,45.0,112.5,45.0,0.0,High
PJNE3440,537.56,779.46,45.0,112.5,45.0,0.0,High
PJ0096,673.25,976.21,45.0,112.5,45.0,-0.0,High
JNE3769,545.45,790.91,45.0,112.5,45.0,0.0,High
J0086,656.75,952.29,45.0,545.25,340.29,4.53,High
J0252,987.41,1431.75,45.0,112.5,45.0,0.0,High
JNE3563,647.63,939.07,45.0,112.5,45.0,-0.0,High
JNE3783,529.55,767.84,45.0,112.5,45.0,-0.0,High
SET265,975.0,1413.75,45.0,112.5,45.0,0.0,High
SET295,850.0,1232.5,45.0,112.5,45.0,-0.0,High
SET328,650.0,942.5,45.0,112.5,45.0,0.0,High
SET293,775.0,1123.75,45.0,112.5,45.0,-0.0,High
SET278,1739.5,2522.28,45.0,112.5,45.0,0.0,High
JNE3691,562.54,815.69,45.0,112.5,45.0,-0.0,High
JNE3744,564.62,818.71,45.0,112.5,45.0,0.0,High
SET323,1162.5,1685.63,45.0,112.5,45.0,-0.0,High
SET300,1162.5,1685.63,45.0,112.5,45.0,0.0,High
J0002,1296.0,1879.2,45.0,112.5,45.0,0.0,High
J0282,1223.86,1774.6,45.0,112.5,45.0,0.0,High
J0005,888.0,1287.6,45.0,112.5,45.0,0.0,High
JNE3775,526.86,763.94,45.0,112.5,45.0,-0.0,High
JNE3445,425.0,616.25,45.0,112.5,45.0,-0.0,High
J0371,1102.5,1598.63,45.0,112.5,45.0,-0.0,High
SET316,1285.34,1863.75,45.0,112.5,45.0,0.0,High
JNE3774,612.5,888.13,45.0,112.5,45.0,-0.0,High
JNE3528,425.0,616.25,45.0,112.5,45.0,0.0,High
JNE1408,503.75,730.44,45.0,112.5,45.0,0.0,High
JNE3384,380.6,551.88,45.0,112.5,45.0,-0.0,High
JNE3488,425.0,616.25,45.0,112.5,45.0,0.0,High
JNE3722,425.0,616.25,45.0,112.5,45.0,-0.0,High
JNE3790,562.5,815.63,45.0,112.5,45.0,0.0,High
SET225,757.95,1099.03,45.0,112.5,45.0,-0.0,High
SET353,868.64,1259.52,45.0,112.5,45.0,-0.0,High
SET290,787.5,1141.88,45.0,112.5,45.0,0.0,High
SET306,735.0,1065.75,45.0,112.5,45.0,-0.0,High
SET331,590.0,855.5,45.0,112.5,45.0,-0.0,High
SET285,612.5,888.13,45.0,112.5,45.0,0.0,High
JNE3771,525.0,761.25,45.0,112.5,45.0,-0.0,High
JNE2101,306.25,444.06,45.0,112.5,45.0,-0.0,High
JNE3736,537.5,779.38,45.0,112.5,45.0,-0.0,High
JNE3793,587.5,851.88,45.0,112.5,45.0,0.0,High
J0014,1312.5,1903.13,45.0,112.5,45.0,0.0,High
J0228,2087.5,3026.88,45.0,112.5,45.0,0.0,High
J0238,1867.96,2708.54,45.0,112.5,45.0,0.0,High
J0399,762.08,1105.02,45.0,112.5,45.0,-0.0,High
SET320,1000.0,1450.0,45.0,112.5,45.0,0.0,High
SET355,1625.0,2356.25,45.0,112.5,45.0,-0.0,High
SET333,1075.0,1558.75,45.0,112.5,45.0,-0.0,High
J0254,1075.0,1558.75,45.0,112.5,45.0,-0.0,High
JNE3861,760.91,1103.32,45.0,112.5,45.0,-0.0,High
SET297,812.5,1178.13,45.0,112.5,45.0,0.0,High
J0398,887.5,1286.88,45.0,112.5,45.0,0.0,High
J0280,1795.0,2602.75,45.0,112.5,45.0,0.0,High
SET319,975.0,1413.75,45.0,112.5,45.0,0.0,High
SET350,1488.42,2158.21,45.0,111.92,44.61,-0.01,High
SET377,1339.5,1942.28,45.0,112.5,45.0,-0.0,High
SET395,1198.5,1737.83,45.0,112.5,45.0,-0.0,High
Kurta,1995.21,2893.05,45.0,66.55,13.64,-0.48,High
Kurta Set,2741.08,3974.56,45.0,38.91,-5.21,-0.77,High
Gown,3151.25,4569.31,45.0,108.62,42.35,-0.04,High
Tops,1742.28,2526.3,45.0,81.11,23.58,-0.33,High
Nill,2422.36,3512.42,45.0,44.31,-1.53,-0.71,High
